,City,Cloudiness,Country,Date,Humidity,Lat,Lng,Max_Temp,Wind_Speed
0,aitape,80,PG,1542087091,98,-3.15,142.36,300.695,1.46
1,tilichiki,12,RU,1542087091,77,60.47,166.1,248.82,1.46
2,norman wells,90,CA,1542081600,92,65.28,-126.83,263.15,5.16
3,rikitea,68,PF,1542087092,100,-23.12,-134.97,296.145,4.64
4,esperance,20,TT,1542085200,88,10.24,-61.45,299.15,3.26
5,college,90,US,1542085080,78,64.86,-147.8,269.45,2.61
6,hermanus,8,ZA,1542087093,71,-34.42,19.24,290.145,1.84
7,tra vinh,92,VN,1542087093,69,9.93,106.35,304.42,3.94
8,bambous virieux,75,MU,1542085200,74,-20.34,57.76,300.15,5.7
9,storslett,75,NO,1542084600,93,69.77,21.03,276.15,0.5
10,constantine,0,DZ,1542085200,93,36.36,6.61,281.15,0.99
11,saskylakh,24,RU,1542087095,70,71.97,114.09,242.32,2.51
12,nanortalik,80,GL,1542087095,85,60.14,-45.24,275.62,12.34
13,barrow,88,AR,1542087096,98,-38.31,-60.23,291.645,0.66
14,tanout,0,NE,1542087096,31,14.97,8.88,287.445,2.16
15,mataura,0,NZ,1542087096,64,-46.19,168.86,288.87,3.99
16,sambava,8,MG,1542087097,100,-14.27,50.17,298.795,7.69
17,port lincoln,0,AU,1542086974,82,-34.72,135.86,291.545,5.29
18,san patricio,8,PY,1542087098,62,-26.98,-56.83,300.545,2.81
19,thompson,90,CA,1542082140,84,55.74,-97.86,256.15,2.1
20,tautira,40,PF,1542085200,74,-17.73,-149.15,300.15,2.6
21,upington,0,ZA,1542085200,12,-28.46,21.24,296.15,1.0
22,tasiilaq,88,GL,1542084600,68,65.61,-37.64,272.15,4.6
23,hamilton,20,BM,1542084900,64,32.3,-64.78,294.15,7.7
24,mao,40,DO,1542081600,100,19.55,-71.08,295.15,3.96
25,khatanga,12,RU,1542087100,56,71.98,102.47,244.67,2.64
26,balakhta,56,RU,1542087101,95,55.38,91.62,260.72,5.56
27,jamestown,32,AU,1542087101,41,-33.21,138.6,297.62,2.36
28,srednekolymsk,0,RU,1542087102,67,67.46,153.71,242.82,1.26
29,iquique,75,CL,1542085200,77,-20.22,-70.14,291.15,4.6
30,the valley,40,AI,1542085200,78,18.22,-63.06,300.15,8.2
31,te anau,0,NZ,1542087103,61,-45.41,167.72,288.87,0.81
32,kapaa,75,US,1542084960,62,22.08,-159.32,297.55,7.2
33,upernavik,36,GL,1542087103,100,72.79,-56.15,265.145,6.54
34,zeya,0,RU,1542087104,70,53.74,127.27,270.02,1.06
35,port blair,48,IN,1542087104,100,11.67,92.75,300.82,3.04
36,ekhabi,92,RU,1542087104,99,53.51,142.97,275.47,5.99
37,san mariano,64,PH,1542087105,81,16.98,122.01,300.27,1.74
38,kaeo,44,NZ,1542087105,42,-35.1,173.78,293.82,4.21
39,geraldton,90,CA,1542081600,65,49.72,-86.95,259.15,2.1
40,hithadhoo,80,MV,1542087106,99,-0.6,73.08,301.645,7.66
41,saldanha,88,PT,1542087106,94,41.42,-6.55,276.97,2.49
42,albany,90,US,1542084840,46,42.65,-73.75,279.85,3.1
43,cheremnoye,90,RU,1542083400,78,53.17,83.21,261.15,8.0
44,farafangana,88,MG,1542087107,100,-22.82,47.83,295.87,5.86
45,ornskoldsvik,20,SE,1542084600,100,63.29,18.72,277.15,3.6
46,hobart,0,AU,1542085200,24,-42.88,147.33,300.15,5.7
47,butaritari,12,KI,1542087108,100,3.07,172.79,303.045,5.26
48,buin,75,CL,1542085200,71,-33.73,-70.74,286.15,2.1
49,khadyzhensk,92,RU,1542087109,98,44.42,39.54,274.645,1.34
50,punta arenas,75,CL,1542085200,75,-53.16,-70.91,281.15,3.1
51,lihula,90,EE,1542084600,100,58.68,23.83,280.15,5.7
52,dikson,88,RU,1542087110,100,73.51,80.55,256.92,19.54
53,meulaboh,92,ID,1542087110,100,4.14,96.13,298.07,3.09
54,busselton,0,AU,1542087111,88,-33.64,115.35,293.445,4.44
55,tual,44,ID,1542087111,100,-5.67,132.75,302.27,2.71
56,nobres,24,BR,1542087111,87,-14.72,-56.34,297.895,1.59
57,saint-pierre,75,FR,1542085200,100,48.95,4.24,284.15,4.1
58,bredasdorp,44,ZA,1542085200,77,-34.53,20.04,291.15,1.0
59,kondinskoye,56,RU,1542087041,87,59.65,67.41,269.195,2.96
60,aklavik,90,CA,1542081600,77,68.22,-135.01,258.15,4.6
61,japura,12,ID,1542087113,74,-0.42,102.29,304.07,1.29
62,nizhniy odes,80,RU,1542087113,77,63.64,54.86,267.645,3.81
63,mokhsogollokh,76,RU,1542087114,59,61.4,128.95,256.37,1.71
64,luvianos,0,MX,1542087114,91,18.92,-100.4,281.07,1.01
65,pisco,0,PE,1542085200,82,-13.71,-76.2,291.15,4.1
66,qaanaaq,64,GL,1542087115,100,77.48,-69.36,259.47,2.19
67,georgetown,0,GY,1542085200,94,6.8,-58.16,298.15,2.1
68,cape town,90,ZA,1542085200,72,-33.93,18.42,291.15,4.1
69,ancud,24,CL,1542087116,85,-41.87,-73.83,278.945,1.16
70,ahipara,32,NZ,1542087116,71,-35.17,173.16,290.77,6.19
71,mount gambier,12,AU,1542086982,71,-37.83,140.78,294.62,2.34
72,matara,20,PE,1542087117,95,-13.74,-72.9,275.37,0.84
73,avarua,40,CK,1542085200,78,-21.21,-159.78,299.15,4.1
74,longyearbyen,75,NO,1542084600,78,78.22,15.63,265.15,2.6
75,okhotsk,88,RU,1542087118,93,59.36,143.24,272.07,6.24
76,adrar,0,DZ,1542085200,54,27.87,-0.29,285.15,5.1
77,atuona,48,PF,1542087119,100,-9.8,-139.03,300.17,8.36
78,rehoboth,0,NA,1542087119,18,-23.31,17.08,293.97,1.01
79,ghanzi,0,BW,1542087120,27,-21.7,21.65,296.07,5.41
80,vardo,90,US,1542086100,100,39.62,-77.74,279.15,2.6
81,pevek,0,RU,1542087120,83,69.7,170.27,252.67,3.26
82,ushuaia,0,AR,1542085200,48,-54.81,-68.31,280.15,7.2
83,bluff,0,AU,1542087121,25,-23.58,149.07,305.17,3.99
84,naze,32,NG,1542087121,95,5.43,7.07,297.02,1.24
85,antofagasta,20,CL,1542085200,82,-23.65,-70.4,288.15,9.3
86,hilo,40,US,1542084960,62,19.71,-155.08,297.55,2.1
87,port hardy,75,CA,1542081600,61,50.7,-127.42,282.15,7.7
88,lebanon,90,US,1542086100,72,43.64,-72.25,275.95,1.79
89,seoul,0,KR,1542085200,37,37.57,126.98,287.15,3.1
90,chumikan,68,RU,1542087123,89,54.72,135.31,272.17,1.91
91,ratnagiri,0,IN,1542087123,82,16.98,73.3,304.07,3.09
92,nishihara,75,JP,1542085200,67,35.74,139.53,289.15,2.6
93,comodoro rivadavia,0,AR,1542085200,39,-45.87,-67.48,292.15,7.2
94,sun prairie,90,US,1542086100,58,43.18,-89.21,267.05,5.7
95,vaini,0,IN,1542087125,25,15.34,74.49,304.67,2.34
96,sharanga,0,RU,1542087126,80,57.18,46.54,260.37,3.94
97,ereymentau,92,KZ,1542087126,89,51.62,73.1,264.045,5.31
98,port alfred,12,ZA,1542087127,79,-33.59,26.89,294.545,5.41
99,torbay,75,CA,1542081600,74,47.66,-52.73,274.15,10.8
100,qaqortoq,88,GL,1542084600,30,60.72,-46.03,278.15,15.9
101,tuktoyaktuk,40,CA,1542081600,83,69.44,-133.03,251.15,4.6
102,hasaki,75,JP,1542085200,67,35.73,140.83,289.15,5.7
103,la palma,88,CO,1542087130,100,5.36,-74.39,292.295,0.26
104,saint-philippe,90,CA,1542086100,65,45.36,-73.48,277.45,4.6
105,laguna,0,MX,1542086924,54,27.52,-110.01,288.12,2.01
106,harper,90,US,1542086640,73,30.3,-99.24,274.15,7.2
107,iqaluit,75,CA,1542081600,77,63.75,-68.52,257.15,3.6
108,plettenberg bay,56,ZA,1542087132,95,-34.05,23.37,290.62,5.34
109,lazarev,92,RU,1542087132,99,52.23,141.51,275.195,5.76
110,nome,90,US,1542086460,86,30.04,-94.42,281.45,7.7
111,souillac,75,FR,1542085200,93,45.6,-0.6,283.15,1.0
112,kalemie,80,CD,1542087133,100,-5.95,29.2,295.395,5.11
113,eyl,0,SO,1542087133,89,7.98,49.82,300.27,5.99
114,nikolskoye,75,RU,1542083400,96,59.7,30.79,274.15,3.0
115,ciudad bolivar,0,VE,1542087134,70,8.12,-63.55,300.645,5.84
116,high level,90,CA,1542085200,85,58.52,-117.13,267.15,2.6
117,provideniya,20,RU,1542083400,62,64.42,-173.23,268.15,9.0
118,barmer,0,IN,1542087135,36,25.74,71.4,304.145,2.06
119,puerto ayora,76,EC,1542087136,100,-0.74,-90.35,295.02,5.49
120,carnarvon,36,ZA,1542087136,10,-30.97,22.13,296.52,2.14
121,marktoberdorf,0,DE,1542084600,93,47.78,10.62,277.15,3.6
122,rio grande,48,BR,1542087137,89,-32.03,-52.1,295.645,9.26
123,rio gallegos,75,AR,1542085200,61,-51.62,-69.22,283.15,3.1
124,grindavik,75,IS,1542085200,100,63.84,-22.43,277.15,1.5
125,faya,0,SA,1542085200,59,18.39,42.45,291.15,1.59
126,tuatapere,0,NZ,1542087138,84,-46.13,167.69,286.72,3.99
127,bowen,48,AU,1542081600,51,-20.01,148.25,302.15,8.7
128,tiksi,32,RU,1542087139,61,71.64,128.87,248.12,2.01
129,guerrero negro,0,MX,1542087139,52,27.97,-114.04,291.195,8.69
130,maragogi,88,BR,1542087140,100,-9.01,-35.22,296.77,1.69
131,metro,68,ID,1542087140,90,-5.11,105.31,302.545,1.06
132,valera,48,VE,1542087140,100,9.31,-70.61,296.62,1.29
133,khasan,0,RU,1542087141,100,42.43,130.64,278.47,3.04
134,kungurtug,0,RU,1542087141,49,50.6,97.53,255.945,2.16
135,gerash,0,IR,1542081600,93,27.67,54.14,288.15,1.34
136,chokurdakh,80,RU,1542087142,61,70.62,147.9,251.52,3.71
137,berlevag,75,NO,1542084600,93,70.86,29.09,277.15,2.1
138,hauterive,90,FR,1542085200,93,46.09,3.45,284.15,2.1
139,mar del plata,12,AR,1542087143,44,-46.43,-67.52,288.895,5.96
140,zhigansk,56,RU,1542087143,56,66.77,123.37,252.445,1.59
141,haines junction,24,CA,1542087144,88,60.75,-137.51,264.82,0.99
142,yulara,40,AU,1542085200,29,-25.24,130.99,306.15,2.6
143,carauari,88,BR,1542087144,84,-4.88,-66.9,300.87,0.91
144,albanel,90,CA,1542081600,85,48.88,-72.44,267.15,1.0
145,vegachi,64,CO,1542087145,97,6.76,-74.79,291.945,0.91
146,staryy nadym,92,RU,1542087145,93,65.61,72.68,271.52,8.19
147,yellowknife,90,CA,1542084120,78,62.45,-114.38,261.15,6.2
148,havre-saint-pierre,40,CA,1542081600,79,50.23,-63.6,267.15,4.6
149,lorengau,36,PG,1542087146,100,-2.02,147.27,301.87,4.21
150,los llanos de aridane,48,ES,1542085200,63,28.66,-17.92,292.15,6.2
151,hobyo,36,SO,1542087147,72,5.35,48.53,301.97,5.29
152,moussoro,0,TD,1542087147,38,13.64,16.49,292.045,2.24
153,port hedland,0,AU,1542085200,49,-20.31,118.58,305.15,6.7
154,chapais,90,CA,1542085260,92,49.78,-74.86,267.15,3.6
155,san cristobal,75,EC,1542085200,93,-0.39,-78.55,284.15,2.1
156,middletown,90,US,1542084840,89,41.45,-74.42,277.55,1.11
157,taoudenni,0,ML,1542087150,40,22.68,-3.98,285.045,1.59
158,salalah,0,OM,1542084600,51,17.01,54.1,300.15,0.84
159,kanniyakumari,8,IN,1542087150,100,8.08,77.57,301.645,7.29
160,keskin,68,TR,1542087151,88,39.67,33.62,274.72,1.46
161,latung,48,ID,1542087151,94,-8.45,120.42,299.795,0.94
162,faanui,80,PF,1542087151,100,-16.48,-151.75,297.22,4.86
163,sumbe,12,AO,1542087152,98,-11.2,13.84,298.57,1.46
164,lerwick,92,GB,1542084600,93,60.15,-1.15,283.15,5.1
165,samdrup jongkhar,32,IN,1542087152,58,26.8,91.5,293.07,0.91
166,victoria,75,BN,1542085200,74,5.28,115.24,305.15,1.0
167,oranjestad,75,AW,1542081600,83,12.52,-70.03,301.15,7.7
168,cabedelo,24,BR,1542087154,97,-6.97,-34.84,299.17,4.41
169,ostrovnoy,80,RU,1542087154,95,68.05,39.51,272.62,8.96
170,uyemskiy,90,RU,1542083400,80,64.47,40.85,272.15,5.0
171,teya,5,MX,1542084480,78,21.05,-89.07,298.15,4.1
172,lima,8,PE,1542087034,73,-12.06,-77.04,285.145,1.14
173,kalmunai,8,LK,1542087155,75,7.42,81.82,303.62,1.21
174,emirdag,75,TR,1542084600,80,39.02,31.15,278.15,1.26
175,davila,20,PH,1542085200,66,18.47,120.58,304.15,3.1
176,port-gentil,75,GA,1542085200,94,-0.72,8.78,299.15,2.1
177,mahebourg,75,MU,1542085200,74,-20.41,57.7,300.15,5.7
178,tres de maio,36,BR,1542087157,56,-27.77,-54.24,298.72,3.84
179,kaitangata,12,NZ,1542087158,70,-46.28,169.85,288.795,3.36
180,phangnga,20,TH,1542085200,62,8.45,98.53,304.15,3.1
181,cape girardeau,90,US,1542084900,78,37.31,-89.52,275.65,6.2
182,yabrud,0,SY,1542085200,87,33.97,36.66,279.15,2.1
183,bela,8,PK,1542087159,48,26.23,66.31,300.295,1.21
184,najran,0,SA,1542085200,28,17.54,44.22,295.15,2.1
185,bethel,90,US,1542084780,95,60.79,-161.76,268.15,11.8
186,maturin,64,VE,1542087161,79,9.75,-63.18,299.97,2.46
187,wewak,68,PG,1542087161,80,-3.55,143.63,301.77,0.99
188,puerto leguizamo,0,CO,1542087161,90,-0.19,-74.78,298.045,1.04
189,awbari,0,LY,1542087162,79,26.59,12.77,278.47,1.46
190,coihaique,0,CL,1542085200,76,-45.58,-72.07,284.15,1.5
191,banjar,80,ID,1542087163,90,-7.37,108.54,300.02,1.34
192,clyde river,1,CA,1542081600,75,70.47,-68.59,248.15,2.6
193,cayenne,0,GF,1542085200,94,4.94,-52.33,297.15,2.39
194,pangnirtung,0,CA,1542087164,100,66.15,-65.72,255.62,3.31
195,ponta do sol,76,BR,1542087165,97,-20.63,-46.0,291.395,2.01
196,los alamos,1,US,1542086100,72,35.88,-106.3,265.95,1.04
197,lebu,0,ET,1542085200,62,8.96,38.73,287.15,1.0
198,kut chap,75,TH,1542085200,58,17.43,102.57,304.15,1.0
199,sept-iles,90,CA,1542081600,73,50.2,-66.38,268.15,4.6
200,fort saint james,80,CA,1542087167,100,54.43,-124.25,269.295,1.11
201,buinsk,0,RU,1542087167,70,54.97,48.29,259.67,1.66
202,ribeira grande,100,PT,1542087167,98,38.52,-28.7,292.945,11.04
203,overpelt,40,NL,1542084900,93,51.21,5.42,284.15,4.1
204,faridpur,0,IN,1542087168,89,28.21,79.54,296.42,1.94
205,cherskiy,0,RU,1542087169,50,68.75,161.3,246.07,0.91
206,raudeberg,75,NO,1542084600,81,61.99,5.14,282.15,6.2
207,boda,20,BD,1542083400,50,26.2,88.56,299.15,1.5
208,erdenet,92,MN,1542087170,59,49.03,104.04,262.22,1.61
209,kaniama,32,CD,1542087171,79,-7.57,24.18,296.32,1.24
210,lazaro cardenas,92,MX,1542087171,63,28.39,-105.62,275.57,9.36
211,oytal,0,KZ,1542087171,97,42.91,73.27,264.645,2.04
212,saint-augustin,75,FR,1542085200,100,44.83,-0.61,283.15,1.34
213,sale,100,GB,1542084600,81,53.42,-2.32,283.15,3.6
214,bathsheba,75,BB,1542085200,78,13.22,-59.52,301.15,8.2
215,narsaq,56,GL,1542084600,30,60.91,-46.05,278.15,15.9
216,mount isa,40,AU,1542085200,27,-20.73,139.49,310.15,2.6
217,porto velho,20,BR,1542081600,94,-8.75,-63.87,298.15,1.0
218,riyadh,75,SA,1542081600,88,24.63,46.72,292.15,3.1
219,quatre cocos,75,MU,1542085200,74,-20.21,57.76,300.15,5.7
220,hatillo,88,PR,1542087174,94,18.49,-66.83,299.82,5.74
221,new norfolk,0,AU,1542085200,24,-42.78,147.06,300.15,5.7
222,wladyslawowo,20,PL,1542085200,93,54.79,18.4,282.15,3.6
223,port shepstone,0,ZA,1542087175,86,-30.74,30.45,295.47,10.89
224,kruisfontein,64,ZA,1542087176,86,-34.0,24.73,291.72,9.46
225,airai,48,TL,1542087176,59,-8.93,125.41,301.545,0.54
226,atherton,100,GB,1542084600,81,53.52,-2.49,283.15,3.6
227,leon,1,US,1542084900,70,40.74,-93.75,265.15,3.6
228,hay river,75,CA,1542081600,92,60.82,-115.79,264.15,3.1
229,itamarandiba,92,BR,1542086952,99,-17.86,-42.86,292.52,2.61
230,moron,80,VE,1542087178,98,10.49,-68.2,295.37,1.21
231,castro,0,CL,1542087178,99,-42.48,-73.76,277.77,1.21
232,qinhuangdao,0,CN,1542087179,47,39.94,119.59,287.695,3.01
233,katsuura,75,JP,1542085200,87,33.93,134.5,290.15,0.5
234,kodinsk,56,RU,1542087180,49,58.6,99.18,258.42,3.36
235,inhambane,40,MZ,1542085200,50,-23.87,35.38,298.15,6.7
236,solnechnyy,36,RU,1542087180,74,50.72,136.64,273.195,3.26
237,bay roberts,75,CA,1542081600,74,47.58,-53.28,274.15,10.8
238,coahuayana,0,MX,1542087181,81,18.62,-100.35,287.295,0.91
239,sillamae,92,EE,1542087182,100,59.4,27.75,278.77,9.41
240,arroyo,90,US,1542086460,95,41.39,-78.88,273.75,2.6
241,khvorostyanka,0,RU,1542087182,75,52.62,48.95,260.22,1.36
242,fort-shevchenko,64,KZ,1542087182,100,44.51,50.26,274.22,9.94
243,cartagena,76,ES,1542085200,93,37.63,-1.0,286.15,1.0
244,evensk,0,RU,1542087183,100,61.92,159.24,265.045,4.64
245,dudinka,24,RU,1542087183,45,69.41,86.18,246.945,7.54
246,leningradskiy,0,RU,1542087184,100,69.38,178.42,260.82,4.19
247,mehamn,75,NO,1542084600,93,71.03,27.85,277.15,2.1
248,karratha,0,AU,1542087184,22,-20.74,116.85,309.12,5.39
249,rockhampton,0,AU,1542085200,42,-23.38,150.51,302.15,5.1
250,pamanukan,56,ID,1542087185,100,-6.28,107.82,300.92,1.81
251,chuy,76,UY,1542087185,88,-33.69,-53.46,294.695,10.09
252,egvekinot,0,RU,1542087186,65,66.32,-179.17,247.07,1.14
253,vao,92,EE,1542087186,98,59.1,26.19,279.62,7.06
254,dingle,32,PH,1542087187,60,11.0,122.67,303.945,5.96
255,namibe,36,AO,1542087187,100,-15.19,12.15,296.82,3.24
256,salym,88,RU,1542087188,84,60.06,71.48,269.695,3.26
257,codrington,64,AU,1542087188,76,-28.95,153.24,293.77,2.49
258,port moresby,40,PG,1542085200,55,-9.47,147.16,304.15,12.9
259,amga,88,RU,1542087189,83,60.89,131.98,263.295,1.56
260,ilulissat,8,GL,1542084600,67,69.22,-51.1,267.15,6.2
261,menongue,0,AO,1542087189,30,-14.66,17.68,294.545,2.81
262,fortuna,0,ES,1542085200,87,38.18,-1.13,286.15,2.1
263,kahului,40,US,1542084960,73,20.89,-156.47,297.05,4.1
264,kouroussa,0,GN,1542087190,72,10.65,-9.88,294.195,2.69
265,mayo,90,CA,1542081600,92,63.59,-135.9,267.15,1.5
266,pangkalanbuun,68,ID,1542087191,87,-2.68,111.62,302.945,1.91
267,palmer,40,AU,1542085200,68,-34.85,139.16,293.15,7.2
268,litovko,48,RU,1542087192,86,49.24,135.18,274.32,1.11
269,deputatskiy,80,RU,1542087192,68,69.3,139.9,254.195,1.21
270,kotdwara,92,IN,1542087193,71,29.75,78.53,289.87,0.69
271,lata,92,IN,1542087193,75,30.78,78.62,282.72,0.81
272,east london,75,ZA,1542085200,83,-33.02,27.91,294.15,3.6
273,sinazongwe,0,ZM,1542087194,48,-17.26,27.46,298.67,4.49
274,morondava,0,MG,1542087194,56,-20.3,44.28,304.42,2.36
275,ixtlahuacan del rio,90,MX,1542084180,82,20.87,-103.25,288.15,0.99
276,lompoc,1,US,1542085080,70,34.64,-120.46,283.75,2.6
277,kodiak,1,US,1542084780,80,39.95,-94.76,264.85,4.1
278,manggar,92,ID,1542087196,94,-2.88,108.27,300.97,2.74
279,saint-georges,64,CA,1542087197,86,46.12,-70.67,266.52,1.51
280,burnie,48,AU,1542087197,80,-41.05,145.91,290.52,4.74
281,mo i rana,75,NO,1542084600,100,66.32,14.15,276.15,1.0
282,la ronge,90,CA,1542081600,85,55.1,-105.3,263.15,2.6
283,komsomolskiy,92,RU,1542087198,95,67.55,63.78,273.77,10.56
284,ubinskoye,88,RU,1542087199,88,55.31,79.68,264.47,3.76
285,kavieng,36,PG,1542087199,100,-2.57,150.8,302.72,3.54
286,sorland,75,NO,1542084600,93,67.67,12.69,280.15,3.1
287,sao filipe,0,CV,1542087200,100,14.9,-24.5,296.82,7.56
288,tsumeb,0,NA,1542085200,25,-19.25,17.72,296.15,2.1
289,vanimo,36,PG,1542087024,100,-2.67,141.3,301.945,2.64
290,flinders,0,AU,1542085200,53,-34.58,150.85,298.15,6.7
291,kadoma,0,ZW,1542087202,47,-18.34,29.91,293.695,3.86
292,broome,12,GB,1542084960,87,52.47,1.45,282.15,5.7
293,bumba,44,CD,1542087204,82,2.18,22.47,299.27,1.59
294,juchipila,12,MX,1542087204,85,21.41,-103.12,283.47,0.81
295,tura,0,IN,1542087205,71,25.52,90.21,299.02,1.89
296,acapulco,40,MX,1542084480,88,16.86,-99.88,299.15,2.6
297,honiara,75,SB,1542085200,88,-9.43,159.96,300.15,3.1
298,ukiah,90,US,1542084960,44,39.15,-123.21,279.25,0.91
299,greenville,90,US,1542086340,100,34.85,-82.4,280.95,3.1
300,camacha,40,PT,1542085200,59,33.08,-16.33,291.15,6.7
301,walla walla,90,US,1542084960,88,46.06,-118.33,274.85,1.04
302,newburn,75,GB,1542084600,93,54.98,-1.74,281.15,3.6
303,truro,20,GB,1542084600,81,50.26,-5.05,284.15,5.1
304,khor,12,RU,1542087208,90,47.88,134.96,275.17,3.14
305,loralai,0,PK,1542087046,46,30.37,68.6,288.82,2.81
306,kuala lipis,12,MY,1542087208,85,4.19,102.05,304.07,1.89
307,dalnerechensk,68,RU,1542087209,79,45.93,133.72,275.445,2.96
308,zhangjiakou,0,CN,1542087209,74,40.77,114.88,281.22,1.91
309,westport,80,IE,1542087209,93,53.8,-9.52,282.17,5.56
310,port macquarie,24,AU,1542085200,57,-31.43,152.91,297.15,9.8
311,golyshmanovo,92,RU,1542087211,80,56.4,68.37,268.52,3.99
312,mbala,12,ZM,1542087211,58,-8.85,31.37,294.795,5.21
313,longhua,80,CN,1542085200,77,29.21,106.21,288.15,3.0
314,severo-kurilsk,92,RU,1542087212,100,50.68,156.12,277.97,5.09
315,carutapera,24,BR,1542087212,81,-1.2,-46.02,300.27,4.14
316,perelyub,0,RU,1542087213,67,51.87,50.37,262.67,1.46
317,verkhneyarkeyevo,44,RU,1542087213,83,55.45,54.3,262.92,2.94
318,lavrentiya,0,RU,1542087213,100,65.58,-170.99,271.82,17.14
319,san quintin,20,PH,1542085200,66,17.54,120.52,304.15,3.1
320,harlingen,75,US,1542086520,79,26.19,-97.7,284.25,7.7
321,mayumba,92,GA,1542087214,100,-3.44,10.65,297.17,2.26
322,lasa,20,CY,1542085200,67,34.92,32.53,288.15,4.1
323,springfield,90,US,1542085440,74,37.22,-93.29,268.75,6.7
324,angra dos reis,48,BR,1542087163,99,-23.01,-44.32,291.57,0.61
325,gorele,75,TR,1542086040,82,41.03,39.0,286.15,9.3
326,yar-sale,92,RU,1542087216,91,66.83,70.83,272.67,11.49
327,cidreira,20,BR,1542087216,83,-30.17,-50.22,295.695,6.89
328,arraial do cabo,76,BR,1542087217,96,-22.97,-42.02,296.32,7.11
329,hualmay,24,PE,1542087217,91,-11.1,-77.61,286.17,2.36
330,aruja,90,BR,1542085200,100,-23.4,-46.32,293.15,5.1
331,nabire,76,ID,1542087218,93,-3.36,135.5,296.62,0.79
332,mericourt,75,FR,1542085200,93,50.4,2.86,282.15,4.6
333,guangshui,48,CN,1542087218,60,31.62,113.82,290.645,1.49
334,koumac,76,NC,1542087219,86,-20.56,164.28,296.62,2.86
335,beringovskiy,56,RU,1542087219,100,63.05,179.32,265.72,9.21
336,moose factory,90,CA,1542084840,85,51.26,-80.61,262.15,6.2
337,padilla,40,CO,1542085200,100,3.23,-76.31,293.15,2.6
338,mitu,56,IR,1542087220,96,36.2,46.09,278.145,1.26
339,mahajanga,20,MG,1542085200,58,-15.72,46.32,303.15,4.1
340,idaho falls,1,US,1542084780,61,43.49,-112.04,265.95,2.1
341,chicama,90,PE,1542085200,88,-7.84,-79.15,292.15,2.6
342,nagua,56,DO,1542087221,100,19.37,-69.85,297.62,2.06
343,iguala,0,MX,1542087222,89,18.34,-99.54,285.02,0.84
344,reconquista,92,AR,1542087222,97,-29.14,-59.64,295.795,2.94
345,kamaishi,75,JP,1542085200,47,39.28,141.86,286.15,2.1
346,veraval,40,FR,1542085200,93,49.65,0.71,284.15,4.1
347,kavaratti,0,IN,1542087223,93,10.57,72.64,303.945,3.86
348,leshukonskoye,88,RU,1542087223,76,64.9,45.76,270.87,4.39
349,kudeyevskiy,0,RU,1542083400,85,54.87,56.75,262.15,3.0
350,lagoa,0,PT,1542085200,93,37.14,-8.45,284.15,1.0
351,farsund,92,NO,1542087225,100,58.09,6.8,281.27,3.96
352,saurimo,0,AO,1542087225,81,-9.66,20.4,296.045,1.56
353,betsiamites,90,CA,1542081600,78,48.94,-68.65,267.15,1.0
354,ouargaye,0,BF,1542087226,48,11.5,0.06,291.57,1.66
355,inuvik,90,CA,1542081600,77,68.36,-133.71,258.15,4.6
356,sinegorye,80,RU,1542087227,62,62.09,150.53,252.545,0.94
357,nuuk,0,GL,1542084600,92,64.17,-51.74,268.15,3.6
358,kindu,76,CD,1542087227,93,-2.95,25.92,296.17,1.24
359,ayan,68,TR,1542087228,93,40.67,33.6,274.47,1.26
360,manzhouli,20,CN,1542087228,65,49.6,117.43,273.945,3.81
361,virginia beach,90,US,1542086100,96,36.85,-75.98,289.25,4.6
362,chegutu,0,ZW,1542087229,44,-18.13,30.15,293.97,4.39
363,half moon bay,75,US,1542084960,49,37.46,-122.43,285.95,1.71
364,birin,0,SY,1542087229,85,35.01,36.67,284.945,1.26
365,kongolo,64,CD,1542087230,94,-5.39,27.0,295.545,1.34
366,iznik,40,TR,1542084600,100,40.43,29.72,285.15,1.0
367,kikwit,68,CD,1542087231,99,-5.04,18.82,296.77,1.96
368,zyuzelskiy,0,RU,1542083400,52,56.49,60.13,266.15,8.0
369,novyy urengoy,88,RU,1542087231,83,66.08,76.63,259.72,7.79
370,mecca,8,SA,1542087232,38,21.43,39.83,299.295,1.96
371,wagar,92,US,1542087232,100,31.44,-87.99,287.645,2.59
372,vila velha,40,BR,1542081600,83,-3.71,-38.6,300.15,4.6
373,parkes,32,AU,1542087233,37,-33.14,148.18,300.62,4.36
374,akureyri,40,IS,1542085200,100,65.68,-18.09,276.15,1.5
375,clarence town,0,AU,1542085200,50,-32.59,151.78,299.15,7.2
376,lisakovsk,24,KZ,1542087233,71,52.55,62.49,265.645,4.21
377,maryborough,80,AU,1542087234,62,-25.54,152.7,295.945,2.49
378,dunedin,8,NZ,1542087191,82,-45.87,170.5,286.045,2.29
379,nemuro,75,JP,1542081600,61,43.32,145.57,281.15,4.1
380,blagoyevo,80,RU,1542087235,74,63.37,47.92,268.195,4.16
381,ostersund,8,SE,1542082800,86,63.18,14.64,277.15,3.1
382,caravelas,88,BR,1542087236,100,-17.73,-39.27,297.67,7.01
383,lalsot,0,IN,1542085200,28,26.56,76.33,301.15,1.0
384,las margaritas,32,MX,1542087237,100,16.32,-91.98,285.445,0.99
385,luganville,100,VU,1542087258,100,-15.51,167.18,298.37,2.71
386,otane,88,NZ,1542087258,81,-39.89,176.62,287.47,1.59
387,jiwani,0,PK,1542087259,58,25.05,61.74,301.82,3.39
388,lucapa,8,AO,1542087259,86,-8.42,20.74,297.47,1.74
389,leh,68,IN,1542087060,89,34.16,77.58,262.895,0.66
390,yenagoa,12,NG,1542087260,92,4.92,6.26,297.87,1.39
391,mezen,88,RU,1542087260,73,65.85,44.24,273.02,4.54
392,progreso,90,UY,1542085200,78,-34.68,-56.22,295.15,4.1
393,ca mau,76,VN,1542087261,83,9.18,105.15,302.945,5.39
394,porto novo,20,BR,1542081600,93,-23.68,-45.44,292.15,1.5
395,garowe,0,SO,1542087262,68,8.41,48.48,296.92,2.86
396,bereznik,80,RU,1542087263,82,62.86,42.71,269.97,5.39
397,sitka,0,US,1542087263,69,37.17,-99.65,261.395,2.94
398,donegal,92,IE,1542087264,100,54.65,-8.11,282.67,6.99
399,meadow lake,36,CA,1542087264,75,54.13,-108.44,263.295,1.29
400,pokaran,68,IN,1542087264,62,26.93,71.92,296.57,2.19
401,sompeta,32,IN,1542087264,48,18.93,84.6,302.32,3.71
402,casablanca,40,MA,1542085200,100,33.6,-7.62,284.15,2.1
403,marolambo,88,MG,1542087265,96,-20.05,48.13,291.72,1.56
404,springdale,90,US,1542085380,83,36.19,-94.13,269.85,5.1
405,manoel urbano,12,BR,1542087266,96,-8.84,-69.26,297.87,0.36
406,abu kamal,88,SY,1542087267,94,34.45,40.92,285.945,2.01
407,balbalan,20,PH,1542087267,63,17.44,121.2,299.895,0.99
408,ola,90,RU,1542085200,86,59.58,151.3,274.15,3.0
409,marawi,92,PH,1542087268,100,8.0,124.29,295.295,1.29
410,caceres,88,CO,1542087268,100,5.53,-74.53,292.295,0.26
411,vostok,88,RU,1542087269,77,46.45,135.83,271.52,1.36
412,tifton,90,US,1542085680,92,31.45,-83.51,293.15,2.6
413,soyo,92,AO,1542087269,95,-6.13,12.37,297.47,1.61
414,bend,1,US,1542086100,68,44.06,-121.32,269.15,1.44
415,santa rosa,100,AR,1542087272,94,-36.62,-64.29,286.695,8.44
416,cabo san lucas,5,MX,1542084120,60,22.89,-109.91,294.15,3.1
417,saint george,20,GR,1542084600,81,39.45,22.34,282.15,2.6
418,luwuk,56,ID,1542087273,71,-0.95,122.79,303.695,2.01
419,oranjemund,56,ZA,1542087273,98,-28.55,16.43,287.695,4.54
420,buta,48,CD,1542087274,86,2.79,24.73,296.82,1.36
421,apple valley,1,US,1542084900,14,34.5,-117.19,289.25,2.59
422,nagapattinam,64,IN,1542087274,79,10.76,79.84,302.52,3.59
423,tambo,0,AU,1542087275,29,-24.88,146.25,303.17,5.19
424,partizanskoye,48,UA,1542087275,95,44.83,34.08,273.87,4.06
425,mandalgovi,0,MN,1542087276,64,45.76,106.27,276.895,2.46
426,bom jardim,0,BR,1542081600,88,-7.8,-35.59,294.15,4.1
427,san andres,0,PH,1542087277,100,13.32,122.68,301.27,1.01
428,thunder bay,20,CA,1542081600,66,48.41,-89.26,261.15,3.1
429,valente,36,BR,1542087278,83,-11.41,-39.46,295.07,3.46
430,imbituba,75,BR,1542085200,88,-28.24,-48.67,297.15,3.6
431,atar,0,MR,1542087279,68,20.52,-13.05,284.42,2.61
432,zongolica,88,MX,1542087279,100,18.67,-97.0,287.52,0.99
433,luderitz,8,NA,1542087279,86,-26.65,15.16,288.12,4.29
434,gouyave,40,GD,1542085200,78,12.16,-61.73,300.15,2.6
435,haimen,24,CN,1542087280,69,31.87,121.18,290.27,4.74
436,valcourt,90,CA,1542086100,76,45.49,-72.32,273.75,2.6
437,cururupu,0,BR,1542087281,83,-1.82,-44.87,299.22,3.26
438,ishigaki,40,JP,1542085200,78,24.34,124.16,298.15,9.8
439,miranda,40,CO,1542085200,100,3.25,-76.23,293.15,2.6
440,floro,75,NO,1542084600,81,61.6,5.03,282.15,6.2
441,umm kaddadah,0,SD,1542087282,19,13.6,26.69,291.37,5.61
442,preobrazheniye,0,RU,1542087282,55,42.9,133.91,276.395,1.46
443,kenai,90,US,1542084960,92,60.55,-151.26,278.75,10.3
444,billings,90,US,1542084780,46,45.79,-108.5,273.15,9.8
445,dhidhdhoo,0,MV,1542087283,100,6.88,73.1,301.795,4.36
446,hami,92,CN,1542087283,87,42.84,93.51,273.17,1.59
447,ust-tsilma,88,RU,1542087284,79,65.44,52.15,270.92,4.26
448,hofn,92,IS,1542087284,100,64.25,-15.21,278.195,4.54
449,trapani,0,IT,1542084900,87,38.02,12.54,288.15,2.6
450,phuket,20,TH,1542083400,66,7.89,98.4,303.15,3.1
451,dongsheng,68,CN,1542087285,77,29.72,112.52,290.02,2.14
452,quimperle,40,FR,1542085200,93,47.87,-3.55,284.15,4.6
453,port elizabeth,90,US,1542085920,100,39.31,-74.98,284.25,1.5
454,shitanjing,0,CN,1542087286,55,39.23,106.34,281.795,1.66
455,maniitsoq,0,GL,1542087287,100,65.42,-52.9,264.57,3.16
456,tecoanapa,40,MX,1542084480,88,16.99,-99.26,299.15,2.6
457,melfort,90,CA,1542081600,85,52.87,-104.61,261.15,3.1
458,aasiaat,24,GL,1542087288,100,68.71,-52.87,268.445,3.84
459,palafrugell,75,ES,1542085200,100,41.92,3.16,286.15,1.5
460,sovetskoye,0,UA,1542087289,93,45.57,34.49,273.545,5.19
461,escanaba,90,US,1542084960,67,45.75,-87.06,267.05,4.6
462,santo tomas,0,PH,1542087289,70,15.88,120.59,304.895,2.14
463,horsham,100,AU,1542087290,44,-36.71,142.2,298.395,4.96
464,altay,0,CN,1542087290,67,47.83,88.13,257.37,1.29
465,rio cuarto,90,AR,1542081600,100,-33.13,-64.35,286.15,8.2
466,maymyo,40,MM,1542083400,74,22.03,96.47,301.15,2.6
467,rocky mountain house,48,CA,1542087076,69,52.38,-114.92,268.02,1.44
468,man,44,CI,1542087292,96,7.41,-7.55,293.195,1.56
469,jieshi,36,CN,1542087292,88,22.82,115.83,297.27,7.09
470,shieli,0,KZ,1542087293,47,44.18,66.74,267.07,7.36
471,santiago del estero,88,AR,1542087293,94,-27.8,-64.26,294.145,5.44
472,azare,0,NG,1542087294,39,11.67,10.19,291.295,2.59
473,koshurnikovo,64,RU,1542087294,56,54.3,93.39,256.12,3.49
474,saint-raphael,0,HT,1542087294,91,19.43,-72.2,290.895,1.04
475,pedro ii,0,BR,1542087294,62,-4.43,-41.45,298.62,4.06
476,marquette,1,US,1542085080,82,46.54,-87.4,267.05,5.1
477,isiro,88,CD,1542087295,90,2.77,27.62,295.445,1.49
478,siniscola,0,IT,1542084600,100,40.57,9.69,282.15,1.5
479,portland,75,US,1542084960,57,45.52,-122.67,279.85,6.2
480,siyabuswa,0,ZA,1542087296,40,-25.11,29.06,296.82,2.06
481,kirakira,48,SB,1542087296,99,-10.46,161.92,301.92,6.84
482,banda aceh,92,ID,1542087297,100,5.56,95.32,297.145,1.49
483,wilson,90,US,1542085860,100,35.72,-77.92,289.75,2.1
484,shingu,75,JP,1542081600,87,33.72,135.99,288.15,2.1
485,tubmanburg,76,LR,1542087298,99,6.87,-10.82,295.695,3.41
486,pangoa,24,PE,1542087298,93,-12.12,-73.0,291.545,0.89
487,visnes,92,NO,1542084600,87,59.36,5.22,283.15,4.6
488,shimoda,75,JP,1542085200,72,34.7,138.93,290.15,7.7
489,koslan,80,RU,1542087299,75,63.46,48.9,267.87,4.04
490,margate,0,AU,1542085200,24,-43.03,147.26,300.15,5.7
491,lufkin,90,US,1542086100,88,31.34,-94.73,277.05,5.7
492,ichihara,75,JP,1542085200,77,35.47,140.12,289.15,6.2
493,romilly-sur-seine,0,FR,1542085200,93,48.52,3.72,283.15,1.0
494,isangel,100,VU,1542087301,100,-19.55,169.27,295.22,12.86
495,constitucion,20,MX,1542081420,43,23.99,-104.67,286.15,4.1
496,martapura,40,ID,1542083400,66,-3.41,114.85,305.15,2.1
497,lodingen,75,NO,1542084600,93,68.41,16.0,280.15,6.2
498,snasa,75,NO,1542084600,100,64.25,12.38,279.15,0.5
499,henties bay,88,NA,1542087303,84,-22.12,14.28,291.32,2.69
500,pacific grove,1,US,1542084900,56,36.62,-121.92,283.75,3.6
501,esmeraldas,0,BR,1542081600,77,-19.76,-44.31,295.15,3.1
502,morgan city,90,US,1542086100,96,29.7,-91.21,286.15,3.6
503,atyrau,0,KZ,1542085200,61,47.1,51.92,264.15,7.0
504,olga,1,US,1542085080,24,34.11,-118.17,293.15,1.5
505,baghdad,0,IQ,1542085200,93,33.3,44.38,287.15,1.0
506,araouane,48,ML,1542087305,30,18.9,-3.53,290.795,1.96
507,polunochnoye,68,RU,1542087306,65,60.87,60.43,267.645,4.41
508,necochea,92,AR,1542087306,95,-38.55,-58.74,291.945,3.71
509,waitati,8,NZ,1542087306,82,-45.75,170.57,286.045,2.29
510,manta,92,RO,1542087307,92,45.1,24.1,278.02,1.91
511,muros,40,ES,1542085200,100,42.77,-9.06,277.15,2.1
512,salinopolis,32,BR,1542087307,96,-0.61,-47.36,300.545,5.96
513,champerico,5,MX,1542084180,94,16.38,-93.6,294.15,0.84
514,dukat,0,RS,1542087308,86,42.44,22.31,273.82,1.39
515,misawa,40,JP,1542085200,57,40.75,141.38,282.15,4.1
516,jabinyanah,20,TN,1542085200,93,35.03,10.91,290.15,2.1
517,santa maria,76,BR,1542087279,53,-29.69,-53.81,299.695,5.64
518,serenje,0,ZM,1542087310,51,-13.23,30.22,292.62,6.29
519,dalby,0,AU,1542081600,32,-27.18,151.26,300.15,5.7
520,talnakh,12,RU,1542087311,80,69.49,88.39,240.67,4.84
521,bontang,68,ID,1542087311,92,0.12,117.47,302.52,2.14
522,hidalgo,90,US,1542086520,71,26.1,-98.26,284.25,7.2
523,son la,92,VN,1542087312,99,21.32,103.9,293.17,0.84
524,bluefields,92,NI,1542087312,99,12.01,-83.77,296.645,1.14
525,klaksvik,68,FO,1542084600,93,62.23,-6.59,277.15,0.5
526,poum,0,MK,1542087313,70,41.28,20.71,268.82,0.66
527,chinsali,0,ZM,1542087314,33,-10.55,32.07,295.52,5.89
528,orapa,0,BW,1542087314,32,-21.28,25.37,296.32,5.21
529,mon,0,IN,1542087314,61,26.73,95.03,298.195,2.24
530,beliator,0,IN,1542087188,57,23.33,87.22,302.12,2.04
531,puro,0,PH,1542087315,70,13.13,123.76,303.07,3.26
532,archidona,88,EC,1542087316,98,-0.91,-77.81,290.62,1.06
533,bintulu,75,MY,1542081600,74,3.17,113.03,304.15,1.5
534,zhicheng,36,CN,1542087316,66,35.04,112.59,289.12,2.34
535,la palma del condado,0,ES,1542085200,93,37.38,-6.55,287.15,1.5
536,develi,20,TR,1542084600,92,38.39,35.49,270.15,1.14
537,oistins,75,BB,1542085200,78,13.07,-59.53,301.15,8.2
538,oussouye,56,SN,1542087320,89,12.49,-16.54,300.77,5.56
539,kalyan,0,IN,1542085200,40,19.24,73.14,304.15,1.5
540,camopi,36,GF,1542087320,89,3.17,-52.33,297.92,1.04
541,nova bana,80,SK,1542085200,93,48.42,18.64,286.15,2.1
542,wenling,24,CN,1542087321,92,28.38,121.38,291.945,5.29
543,rawson,8,AR,1542087322,78,-43.3,-65.11,284.795,1.91
544,paamiut,8,GL,1542087322,91,61.99,-49.67,275.52,3.29
545,kurihashi,75,JP,1542085200,67,36.13,139.7,289.15,2.6
546,arman,90,RU,1542085200,86,59.7,150.17,274.15,3.0
547,ampanihy,0,MG,1542087323,53,-24.69,44.75,298.57,7.86
548,great yarmouth,48,GB,1542084600,87,52.61,1.73,282.15,5.7
549,gold coast,32,AU,1542085200,47,-28.0,153.41,298.15,6.7
550,richards bay,0,ZA,1542087324,70,-28.77,32.06,295.945,7.56
551,zalantun,0,CN,1542087325,46,48.0,122.72,277.47,2.04
552,tommot,64,RU,1542087325,72,58.97,126.27,259.57,1.56
553,yumen,36,CN,1542087325,69,40.29,97.04,275.92,2.01
554,back mountain,90,US,1542086280,95,41.34,-76.0,273.75,2.1
555,jalu,8,LY,1542087326,74,29.03,21.55,288.42,2.91
556,noumea,75,NC,1542085200,65,-22.28,166.46,299.15,8.2
557,monroe,90,US,1542086100,98,41.91,-83.4,274.85,3.19
558,tazmalt,0,DZ,1542085200,72,36.39,4.4,290.15,4.1
559,natchez,90,US,1542084960,95,31.56,-91.4,279.85,5.1
560,nara,75,JP,1542085200,55,34.68,135.8,291.15,0.5
561,brainerd,1,US,1542086100,84,46.36,-94.2,260.15,3.14
562,tuy hoa,44,VN,1542087328,100,13.08,109.3,298.695,2.86
563,atamanovka,75,RU,1542085200,79,51.92,113.65,269.15,2.0
564,port-cartier,90,CA,1542081600,73,50.03,-66.88,268.15,4.6
565,luzhou,68,CN,1542087330,89,28.89,105.45,288.92,1.81
566,nikolsk,0,RU,1542087331,76,59.53,45.45,263.045,4.19
567,akdepe,0,TM,1542085200,41,42.05,59.39,267.15,6.2
